{
    "team": "Washington Nationals",
    "season": 2024,
    "total_games": 162,
    "games_won": 71,
    "win_probability_accuracy": 0.5617283950617284,
    "timestamp": "2025-02-24T16:26:57.046319"
}